{"learning_rate": 0.047454011884736254, "max_depth": 43, "n_estimators": 16, "subsample": 0.7993292420985183}